{
    "camera_matrix": [
        [
            571.5902750769387,
            0.0,
            364.0183764685186
        ],
        [
            0.0,
            563.4647162180007,
            261.4533232774018
        ],
        [
            0.0,
            0.0,
            1.0
        ]
    ],
    "dist_coeffs": [
        [
            -0.2888104704575167,
            0.5211369366468143,
            -0.005517908993576596,
            -0.007979239381096433,
            -0.3703076243328823
        ]
    ],
    "reprojection_error": 2.760925162297511
}